create database krible;

use krible;
 CREATE TABLE T_content (content_id int, title varchar(200), update_time datetime, 
body_summary varchar(300));
 CREATE TABLE T_content_company (content_id int, company_ticker varchar(20), orders int);
 CREATE TABLE T_company (company_ticker varchar(20), company_name varchar(100));
 CREATE TABLE T_content_topic (content_id int, topic_id int, orders int);
 CREATE TABLE T_topic (topic_id int, topic_name varchar(20));
 CREATE TABLE T_content_author (content_id int, author_id int, orders int);
 CREATE TABLE T_author (author_id int, author_name varchar(20), affiliation varchar(20));
 CREATE TABLE T_user (user_id int, user_name varchar(20));
 CREATE TABLE T_user_topic (user_id int, topic_id int, heart int, update_time datetime);
 CREATE TABLE T_user_company (user_id int, company_ticker varchar(20), heart int, update_time 
datetime);
 CREATE TABLE T_company_account (company_ticker varchar(20), quarters int, market_cap 
varchar(20), market_rank int, sales varchar(20), net_profit varchar(20), PER float(3, 2));

INSERT INTO T_content (content_id, title, update_time, body_summary) VALUES (1, '악재만 반영된 주가, 이제 업사이드를 대비할 때', '2023-10-30 07:56:00', '3Q23 영업이익 77억원(-71%, YoY), 어닝 쇼크 기록. 4Q23부터 중국 단체관광객 유입 본격화에 따른 수혜 기대');
INSERT INTO T_content (content_id, title, update_time, body_summary) VALUES (2, '3Q23 Review: 2024년에는 스마트 팩토리 스토리', '2023-10-30 07:59:00', '3분기 영업이익, 컨센서스 10% 하회. 4분기 실적 전망');
INSERT INTO T_content (content_id, title, update_time, body_summary) VALUES (3, '자동차/2차전지 Weekly', '2023-10-30 08:01:25', '10월 넷째주 현대차, 기아, 현대모비스 주가는 각각 -4.3%, +0.9%, -2.4%를 기록해 -3.0%를 기록한 코스피 대비 완성차는 부진한 흐름 기록.');
INSERT INTO T_content (content_id, title, update_time, body_summary) VALUES (4, '중국인 단체 관광객 맞을 채비에 분주', '2023-10-30 08:10:30', '3Q23 매출액 1.01조원 (-26% y-y; 이하 y-y), 영업이익 77억원 (-71%) 달성하며, 영업이익이 시장 컨센서스를 89% 하회.');
INSERT INTO T_content (content_id, title, update_time, body_summary) VALUES (5, '소외 속에서 고객 확대 중', '2023-10-30 08:15:09', '3Q23 OP 6,902억원(+20% YoY, +4% QoQ)으로 기대치 부합. 전동화/전장 기반의 기초 근력 확보 중.');
INSERT INTO T_content (content_id, title, update_time, body_summary) VALUES (6, '롤러코스터 업황에도 수익성 방어', '2023-10-30 08:30:05', '3분기 실적은 고객사의 재고 조정과 IT 제품 수요 부진으로 컨센서스 큰 폭으로 하회.');
INSERT INTO T_content (content_id, title, update_time, body_summary) VALUES (7, 'I am 기대치 상회에요', '2023-10-30 08:45:20', '3Q23 영업이익은 962억원(+4046% yoy, OPM 9.8%)으로 컨센서스 3.3% 상회.');
INSERT INTO T_content (content_id, title, update_time, body_summary) VALUES (8, '4분기에 강한 은행주', '2023-10-30 08:46:35', '고배당 기대감 지속. 다만 단기 주가 상승 부담은 존재.');
INSERT INTO T_content (content_id, title, update_time, body_summary) VALUES (9, '실적으로 달성한 시가총액 8위', '2023-10-30 08:50:11', '3Q23 Review: 매출비중 북미 42.8%, 유럽 24.3%.');
INSERT INTO T_content (content_id, title, update_time, body_summary) VALUES (10, '삼성전자 메모리 가동률 반등 예상', '2023-10-30 08:51:30', '3Q23 영업이익 329억원, 기대치 부합 예상. 2024년 상반기 실적 회복 전망.');
INSERT INTO T_content (content_id, title, update_time, body_summary) VALUES (11, '대장의 저력을 보여줄 때', '2023-10-25 08:01:30', '견고한 3분기 잠정실적, 주인공이 반도체가 아닌 점은 아쉬운 부분.');
INSERT INTO T_content (content_id, title, update_time, body_summary) VALUES (12, '현대차-삼성SDI 동맹: 질주를 준비하며', '2023-10-24 09:12:30', '삼성SDI는 현대자동차와 각각 손을 잡으며 전기차 사업에 힘을 쏟고 있다.');
INSERT INTO T_content_company (content_id, company_ticker, orders) VALUES (1, 'A008770', 1);
INSERT INTO T_content_company (content_id, company_ticker, orders) VALUES (2, 'A307950', 1);
INSERT INTO T_content_company (content_id, company_ticker, orders) VALUES (3, 'A005380', 1);
INSERT INTO T_content_company (content_id, company_ticker, orders) VALUES (3, 'A000270', 2);
INSERT INTO T_content_company (content_id, company_ticker, orders) VALUES (3, 'A012330', 3);
INSERT INTO T_content_company (content_id, company_ticker, orders) VALUES (4, 'A008770', 1);
INSERT INTO T_content_company (content_id, company_ticker, orders) VALUES (5, 'A012330', 1);
INSERT INTO T_content_company (content_id, company_ticker, orders) VALUES (6, 'A195870', 1);
INSERT INTO T_content_company (content_id, company_ticker, orders) VALUES (7, 'A073240', 1);
INSERT INTO T_content_company (content_id, company_ticker, orders) VALUES (8, 'A024110', 1);
INSERT INTO T_content_company (content_id, company_ticker, orders) VALUES (9, 'A000270', 1);
INSERT INTO T_content_company (content_id, company_ticker, orders) VALUES (10, 'A014680', 1);
INSERT INTO T_content_company (content_id, company_ticker, orders) VALUES (10, 'A005930', 2);
INSERT INTO T_content_company (content_id, company_ticker, orders) VALUES (11, 'A005930', 1);
INSERT INTO T_content_company (content_id, company_ticker, orders) VALUES (12, 'A005380', 1);
INSERT INTO T_content_company (content_id, company_ticker, orders) VALUES (12, 'A006400', 2);
INSERT INTO T_company (company_ticker, company_name) VALUES ('A008770', '호텔신라');
INSERT INTO T_company (company_ticker, company_name) VALUES ('A307950', '현대오토에버');
INSERT INTO T_company (company_ticker, company_name) VALUES ('A005380', '현대차');
INSERT INTO T_company (company_ticker, company_name) VALUES ('A000270', '기아');
INSERT INTO T_company (company_ticker, company_name) VALUES ('A012330', '현대모비스');
INSERT INTO T_company (company_ticker, company_name) VALUES ('A195870', '해성디에스');
INSERT INTO T_company (company_ticker, company_name) VALUES ('A073240', '금호타이어');
INSERT INTO T_company (company_ticker, company_name) VALUES ('A024110', '기업은행');
INSERT INTO T_company (company_ticker, company_name) VALUES ('A014680', '한솔케미칼');
INSERT INTO T_company (company_ticker, company_name) VALUES ('A005930', '삼성전자');
INSERT INTO T_company (company_ticker, company_name) VALUES ('A006400', '삼성SDI');
INSERT INTO T_content_topic (content_id, topic_id, orders) VALUES (1, 1, 1);
INSERT INTO T_content_topic (content_id, topic_id, orders) VALUES (1, 2, 2);
INSERT INTO T_content_topic (content_id, topic_id, orders) VALUES (2, 3, 1);
INSERT INTO T_content_topic (content_id, topic_id, orders) VALUES (3, 4, 1);
INSERT INTO T_content_topic (content_id, topic_id, orders) VALUES (3, 5, 2);
INSERT INTO T_content_topic (content_id, topic_id, orders) VALUES (4, 1, 1);
INSERT INTO T_content_topic (content_id, topic_id, orders) VALUES (4, 2, 2);
INSERT INTO T_content_topic (content_id, topic_id, orders) VALUES (5, 4, 1);
INSERT INTO T_content_topic (content_id, topic_id, orders) VALUES (6, 6, 1);
INSERT INTO T_content_topic (content_id, topic_id, orders) VALUES (6, 4, 2);
INSERT INTO T_content_topic (content_id, topic_id, orders) VALUES (7, 7, 1);
INSERT INTO T_content_topic (content_id, topic_id, orders) VALUES (7, 4, 2);
INSERT INTO T_content_topic (content_id, topic_id, orders) VALUES (8, 8, 1);
INSERT INTO T_content_topic (content_id, topic_id, orders) VALUES (8, 9, 2);
INSERT INTO T_content_topic (content_id, topic_id, orders) VALUES (9, 4, 1);
INSERT INTO T_content_topic (content_id, topic_id, orders) VALUES (10, 6, 1);
INSERT INTO T_content_topic (content_id, topic_id, orders) VALUES (10, 5, 2);
INSERT INTO T_content_topic (content_id, topic_id, orders) VALUES (11, 6, 1);
INSERT INTO T_content_topic (content_id, topic_id, orders) VALUES (11, 10, 2);
INSERT INTO T_content_topic (content_id, topic_id, orders) VALUES (12, 4, 1);
INSERT INTO T_content_topic (content_id, topic_id, orders) VALUES (12, 5, 2);
INSERT INTO T_topic (topic_id, topic_name) VALUES (1, '여행');
INSERT INTO T_topic (topic_id, topic_name) VALUES (2, '중국');
INSERT INTO T_topic (topic_id, topic_name) VALUES (3, '스마트팩토리');
INSERT INTO T_topic (topic_id, topic_name) VALUES (4, '자동차');
INSERT INTO T_topic (topic_id, topic_name) VALUES (5, '2차전지');
INSERT INTO T_topic (topic_id, topic_name) VALUES (6, '반도체');
INSERT INTO T_topic (topic_id, topic_name) VALUES (7, '타이어');
INSERT INTO T_topic (topic_id, topic_name) VALUES (8, '은행');
INSERT INTO T_topic (topic_id, topic_name) VALUES (9, '금융');
INSERT INTO T_topic (topic_id, topic_name) VALUES (10, '모바일');
INSERT INTO T_content_author (content_id, author_id, orders) VALUES (1, 1, 1);
INSERT INTO T_content_author (content_id, author_id, orders) VALUES (2, 2, 1);
INSERT INTO T_content_author (content_id, author_id, orders) VALUES (2, 3, 2);
INSERT INTO T_content_author (content_id, author_id, orders) VALUES (3, 4, 1);
INSERT INTO T_content_author (content_id, author_id, orders) VALUES (3, 5, 2);
INSERT INTO T_content_author (content_id, author_id, orders) VALUES (4, 6, 1);
INSERT INTO T_content_author (content_id, author_id, orders) VALUES (4, 7, 2);
INSERT INTO T_content_author (content_id, author_id, orders) VALUES (5, 8, 1);
INSERT INTO T_content_author (content_id, author_id, orders) VALUES (5, 9, 2);
INSERT INTO T_content_author (content_id, author_id, orders) VALUES (6, 2, 1);
INSERT INTO T_content_author (content_id, author_id, orders) VALUES (6, 3, 2);
INSERT INTO T_content_author (content_id, author_id, orders) VALUES (7, 10, 1);
INSERT INTO T_content_author (content_id, author_id, orders) VALUES (8, 11, 1);
INSERT INTO T_content_author (content_id, author_id, orders) VALUES (9, 12, 1);
INSERT INTO T_content_author (content_id, author_id, orders) VALUES (10, 13, 1);
INSERT INTO T_content_author (content_id, author_id, orders) VALUES (11, 14, 1);
INSERT INTO T_content_author (content_id, author_id, orders) VALUES (12, 4, 1);
INSERT INTO T_author (author_id, author_name, affiliation) VALUES (1, '조상훈', '신한투자증권');
INSERT INTO T_author (author_id, author_name, affiliation) VALUES (2, '임은영', '삼성증권');
INSERT INTO T_author (author_id, author_name, affiliation) VALUES (3, '강희진', '삼성증권');
INSERT INTO T_author (author_id, author_name, affiliation) VALUES (4, '유지웅', '다올투자증권');
INSERT INTO T_author (author_id, author_name, affiliation) VALUES (5, '전혜영', '다올투자증권');
INSERT INTO T_author (author_id, author_name, affiliation) VALUES (6, '박은경', '삼성증권');
INSERT INTO T_author (author_id, author_name, affiliation) VALUES (7, '한수진', '삼성증권');
INSERT INTO T_author (author_id, author_name, affiliation) VALUES (8, '정용진', '신한투자증권');
INSERT INTO T_author (author_id, author_name, affiliation) VALUES (9, '최민기', '신한투자증권');
INSERT INTO T_author (author_id, author_name, affiliation) VALUES (10, '장문수', '현대차증권');
INSERT INTO T_author (author_id, author_name, affiliation) VALUES (11, '정준섭', 'NH투자증권');
INSERT INTO T_author (author_id, author_name, affiliation) VALUES (12, '신윤철', '키움증권');
INSERT INTO T_author (author_id, author_name, affiliation) VALUES (13, '박유악', '키움증권');
INSERT INTO T_author (author_id, author_name, affiliation) VALUES (14, '김형태', '신한투자증권');
INSERT INTO T_user (user_id, user_name) VALUES (1, '조풍진');
INSERT INTO T_user (user_id, user_name) VALUES (2, '최아영');
INSERT INTO T_user (user_id, user_name) VALUES (3, '강상우');
INSERT INTO T_user (user_id, user_name) VALUES (4, '최재용');
INSERT INTO T_user (user_id, user_name) VALUES (5, '구자경');
INSERT INTO T_user_topic (user_id, topic_id, heart, update_time) VALUES (1, 4, 1, '2023-10-30 09:00:30');
INSERT INTO T_user_topic (user_id, topic_id, heart, update_time) VALUES (1, 6, 1, '2023-10-30 09:01:25');
INSERT INTO T_user_topic (user_id, topic_id, heart, update_time) VALUES (1, 5, 1, '2023-10-30 09:11:25');
INSERT INTO T_user_topic (user_id, topic_id, heart, update_time) VALUES (1, 4, 0, '2023-10-30 09:20:15');
INSERT INTO T_user_topic (user_id, topic_id, heart, update_time) VALUES (2, 8, 1, '2023-10-30 09:30:11');
INSERT INTO T_user_topic (user_id, topic_id, heart, update_time) VALUES (1, 1, 1, '2023-10-30 09:31:15');
INSERT INTO T_user_topic (user_id, topic_id, heart, update_time) VALUES (2, 8, 0, '2023-10-30 09:33:50');
INSERT INTO T_user_topic (user_id, topic_id, heart, update_time) VALUES (3, 2, 1, '2023-10-30 10:01:50');
INSERT INTO T_user_topic (user_id, topic_id, heart, update_time) VALUES (3, 3, 1, '2023-10-30 10:35:55');
INSERT INTO T_user_topic (user_id, topic_id, heart, update_time) VALUES (3, 3, 0, '2023-10-30 11:10:05');
INSERT INTO T_user_topic (user_id, topic_id, heart, update_time) VALUES (4, 7, 1, '2023-10-30 11:44:50');
INSERT INTO T_user_topic (user_id, topic_id, heart, update_time) VALUES (5, 10, 1, '2023-10-30 11:55:49');
INSERT INTO T_user_topic (user_id, topic_id, heart, update_time) VALUES (1, 10, 1, '2023-10-30 11:57:10');
INSERT INTO T_user_company (user_id, company_ticker, heart, update_time) VALUES (1, 'A008770', 1, '2023-10-30 09:12:30');
INSERT INTO T_user_company (user_id, company_ticker, heart, update_time) VALUES (1, 'A000270', 1, '2023-10-30 09:15:22');
INSERT INTO T_user_company (user_id, company_ticker, heart, update_time) VALUES (5, 'A005380', 1, '2023-10-30 09:30:55');
INSERT INTO T_user_company (user_id, company_ticker, heart, update_time) VALUES (4, 'A307950', 1, '2023-10-30 10:01:55');
INSERT INTO T_user_company (user_id, company_ticker, heart, update_time) VALUES (1, 'A195870', 1, '2023-10-30 10:05:20');
INSERT INTO T_user_company (user_id, company_ticker, heart, update_time) VALUES (2, 'A195870', 1, '2023-10-30 10:15:30');
INSERT INTO T_user_company (user_id, company_ticker, heart, update_time) VALUES (3, 'A005930', 1, '2023-10-30 10:20:55');
INSERT INTO T_user_company (user_id, company_ticker, heart, update_time) VALUES (1, 'A000270', 0, '2023-10-30 10:44:12');
INSERT INTO T_user_company (user_id, company_ticker, heart, update_time) VALUES (1, 'A000270', 1, '2023-10-30 10:55:10');
INSERT INTO T_user_company (user_id, company_ticker, heart, update_time) VALUES (1, 'A024110', 1, '2023-10-30 11:02:03');
INSERT INTO T_user_company (user_id, company_ticker, heart, update_time) VALUES (2, 'A005930', 1, '2023-10-30 11:30:33');
INSERT INTO T_user_company (user_id, company_ticker, heart, update_time) VALUES (1, 'A008770', 0, '2023-10-30 11:45:01');
INSERT INTO T_company_account (company_ticker, quarters, market_cap, market_rank, sales, net_profit, PER) VALUES ('A008770', 2303, '2424억원', 9, '1965억원', '319억원', 0.54);
INSERT INTO T_company_account (company_ticker, quarters, market_cap, market_rank, sales, net_profit, PER) VALUES ('A307950', 2303, '2656억원', 8, '2295억원', '-75억원', 0.68);
INSERT INTO T_company_account (company_ticker, quarters, market_cap, market_rank, sales, net_profit, PER) VALUES ('A005380', 2303, '1916억원', 10, '1715억원', '-86억원', -0.44);
INSERT INTO T_company_account (company_ticker, quarters, market_cap, market_rank, sales, net_profit, PER) VALUES ('A000270', 2303, '9242억원', 3, '3312억원', '275억원', -0.6);
INSERT INTO T_company_account (company_ticker, quarters, market_cap, market_rank, sales, net_profit, PER) VALUES ('A012330', 2303, '5555억원', 5, '626억원', '-56억원', 0.26);
INSERT INTO T_company_account (company_ticker, quarters, market_cap, market_rank, sales, net_profit, PER) VALUES ('A195870', 2303, '2701억원', 7, '731억원', '-105억원', -0.8);
INSERT INTO T_company_account (company_ticker, quarters, market_cap, market_rank, sales, net_profit, PER) VALUES ('A073240', 2303, '9969억원', 1, '8134억원', '-162억원', -0.85);
INSERT INTO T_company_account (company_ticker, quarters, market_cap, market_rank, sales, net_profit, PER) VALUES ('A024110', 2303, '9682억원', 2, '8389억원', '-1006억원', 0.3);
INSERT INTO T_company_account (company_ticker, quarters, market_cap, market_rank, sales, net_profit, PER) VALUES ('A014680', 2303, '4266억원', 6, '3623억원', '-537억원', -0.43);
INSERT INTO T_company_account (company_ticker, quarters, market_cap, market_rank, sales, net_profit, PER) VALUES ('A005930', 2303, '8922억원', 4, '1096억원', '207억원', -0.12);
INSERT INTO T_company_account (company_ticker, quarters, market_cap, market_rank, sales, net_profit, PER) VALUES ('A006400', 2303, '532억원', 11, '416억원', '-21억원', -0.79);
INSERT INTO T_company_account (company_ticker, quarters, market_cap, market_rank, sales, net_profit, PER) VALUES ('A008770', 2302, '6920억원', 5, '5394억원', '384억원', -0.59);
INSERT INTO T_company_account (company_ticker, quarters, market_cap, market_rank, sales, net_profit, PER) VALUES ('A307950', 2302, '2894억원', 7, '2462억원', '178억원', -0.08);
INSERT INTO T_company_account (company_ticker, quarters, market_cap, market_rank, sales, net_profit, PER) VALUES ('A005380', 2302, '5192억원', 6, '2778억원', '388억원', -0.66);
INSERT INTO T_company_account (company_ticker, quarters, market_cap, market_rank, sales, net_profit, PER) VALUES ('A000270', 2302, '8112억원', 2, '3780억원', '585억원', 0.15);
INSERT INTO T_company_account (company_ticker, quarters, market_cap, market_rank, sales, net_profit, PER) VALUES ('A012330', 2302, '7052억원', 4, '509억원', '60억원', 0.5);
INSERT INTO T_company_account (company_ticker, quarters, market_cap, market_rank, sales, net_profit, PER) VALUES ('A195870', 2302, '966억원', 11, '686억원', '-28억원', 0.66);
INSERT INTO T_company_account (company_ticker, quarters, market_cap, market_rank, sales, net_profit, PER) VALUES ('A073240', 2302, '9667억원', 1, '692억원', '54억원', 0.55);
INSERT INTO T_company_account (company_ticker, quarters, market_cap, market_rank, sales, net_profit, PER) VALUES ('A024110', 2302, '2751억원', 8, '765억원', '153억원', -0.72);
INSERT INTO T_company_account (company_ticker, quarters, market_cap, market_rank, sales, net_profit, PER) VALUES ('A014680', 2302, '1362억원', 9, '229억원', '26억원', -0.29);
INSERT INTO T_company_account (company_ticker, quarters, market_cap, market_rank, sales, net_profit, PER) VALUES ('A005930', 2302, '1301억원', 10, '605억원', '-4억원', 0.91);
INSERT INTO T_company_account (company_ticker, quarters, market_cap, market_rank, sales, net_profit, PER) VALUES ('A006400', 2302, '7204억원', 3, '974억원', '-19억원', -0.87);
INSERT INTO T_company_account (company_ticker, quarters, market_cap, market_rank, sales, net_profit, PER) VALUES ('A008770', 2301, '2629억원', 6, '1175억원', '79억원', -0.71);
INSERT INTO T_company_account (company_ticker, quarters, market_cap, market_rank, sales, net_profit, PER) VALUES ('A307950', 2301, '1704억원', 9, '578억원', '27억원', -0.33);
INSERT INTO T_company_account (company_ticker, quarters, market_cap, market_rank, sales, net_profit, PER) VALUES ('A005380', 2301, '1723억원', 8, '723억원', '68억원', 0.4);
INSERT INTO T_company_account (company_ticker, quarters, market_cap, market_rank, sales, net_profit, PER) VALUES ('A000270', 2301, '3457억원', 4, '3311억원', '186억원', -0.5);
INSERT INTO T_company_account (company_ticker, quarters, market_cap, market_rank, sales, net_profit, PER) VALUES ('A012330', 2301, '2156억원', 7, '1588억원', '-186억원', -0.31);
INSERT INTO T_company_account (company_ticker, quarters, market_cap, market_rank, sales, net_profit, PER) VALUES ('A195870', 2301, '3553억원', 3, '107억원', '-14억원', -0.24);
INSERT INTO T_company_account (company_ticker, quarters, market_cap, market_rank, sales, net_profit, PER) VALUES ('A073240', 2301, '2817억원', 5, '1490억원', '225억원', 0.5);
INSERT INTO T_company_account (company_ticker, quarters, market_cap, market_rank, sales, net_profit, PER) VALUES ('A024110', 2301, '314억원', 11, '164억원', '-16억원', 0.94);
INSERT INTO T_company_account (company_ticker, quarters, market_cap, market_rank, sales, net_profit, PER) VALUES ('A014680', 2301, '9744억원', 1, '2724억원', '261억원', 0.24);
INSERT INTO T_company_account (company_ticker, quarters, market_cap, market_rank, sales, net_profit, PER) VALUES ('A005930', 2301, '8513억원', 2, '1530억원', '-142억원', 0.31);
INSERT INTO T_company_account (company_ticker, quarters, market_cap, market_rank, sales, net_profit, PER) VALUES ('A006400', 2301, '1524억원', 10, '1207억원', '149억원', -0.11);
